County,MLO,ID,Population_density
Bath and North East Somerset,Bath and North East Somerset 001,E02002985,"1,283.00"
Bath and North East Somerset,Bath and North East Somerset 002,E02002986,"3,529.30"
Bath and North East Somerset,Bath and North East Somerset 003,E02002987,"1,188.00"
Bath and North East Somerset,Bath and North East Somerset 004,E02002988,"3,201.80"
Bath and North East Somerset,Bath and North East Somerset 005,E02002989,"2,811.00"
Bath and North East Somerset,Bath and North East Somerset 006,E02002990,"6,736.10"
Bath and North East Somerset,Bath and North East Somerset 007,E02002991,"2,928.00"
Bath and North East Somerset,Bath and North East Somerset 008,E02002992,"3,074.70"
Bath and North East Somerset,Bath and North East Somerset 009,E02002993,"4,652.50"
Bath and North East Somerset,Bath and North East Somerset 010,E02002994,127.6
Bath and North East Somerset,Bath and North East Somerset 011,E02002995,"3,745.60"
Bath and North East Somerset,Bath and North East Somerset 012,E02002996,"1,872.90"
Bath and North East Somerset,Bath and North East Somerset 013,E02002997,"8,888.20"
Bath and North East Somerset,Bath and North East Somerset 014,E02002998,"6,215.80"
Bath and North East Somerset,Bath and North East Somerset 015,E02002999,"4,181.90"
Bath and North East Somerset,Bath and North East Somerset 016,E02003000,205.5
Bath and North East Somerset,Bath and North East Somerset 017,E02003001,"2,686.00"
Bath and North East Somerset,Bath and North East Somerset 018,E02003002,"2,316.30"
Bath and North East Somerset,Bath and North East Somerset 019,E02003003,"4,557.80"
Bath and North East Somerset,Bath and North East Somerset 020,E02003004,210.6
Bath and North East Somerset,Bath and North East Somerset 021,E02003005,94.5
Bath and North East Somerset,Bath and North East Somerset 022,E02003006,247.4
Bath and North East Somerset,Bath and North East Somerset 023,E02003007,642.5
Bath and North East Somerset,Bath and North East Somerset 024,E02003008,"1,004.60"
Bath and North East Somerset,Bath and North East Somerset 025,E02003009,"2,022.40"
Bath and North East Somerset,Bath and North East Somerset 026,E02003010,"2,742.10"
Bath and North East Somerset,Bath and North East Somerset 027,E02003011,"2,841.50"
"Bournemouth, Christchurch and Poole","Bournemouth, Christchurch and Poole 001",E02003194,442.6
"Bournemouth, Christchurch and Poole","Bournemouth, Christchurch and Poole 002",E02004236,183.5
"Bournemouth, Christchurch and Poole","Bournemouth, Christchurch and Poole 003",E02003172,"2,531.20"
"Bournemouth, Christchurch and Poole","Bournemouth, Christchurch and Poole 004",E02003196,"1,678.00"
"Bournemouth, Christchurch and Poole","Bournemouth, Christchurch and Poole 005",E02003173,"2,947.70"
"Bournemouth, Christchurch and Poole","Bournemouth, Christchurch and Poole 006",E02003174,"3,763.70"
"Bournemouth, Christchurch and Poole","Bournemouth, Christchurch and Poole 007",E02003175,"2,994.60"
"Bournemouth, Christchurch and Poole","Bournemouth, Christchurch and Poole 008",E02003195,"1,909.20"
"Bournemouth, Christchurch and Poole","Bournemouth, Christchurch and Poole 009",E02003177,"5,908.70"
"Bournemouth, Christchurch and Poole","Bournemouth, Christchurch and Poole 010",E02003176,"3,470.10"
"Bournemouth, Christchurch and Poole","Bournemouth, Christchurch and Poole 011",E02003178,"4,359.20"
"Bournemouth, Christchurch and Poole","Bournemouth, Christchurch and Poole 012",E02003179,"2,434.10"
"Bournemouth, Christchurch and Poole","Bournemouth, Christchurch and Poole 013",E02003197,"2,137.90"
"Bournemouth, Christchurch and Poole","Bournemouth, Christchurch and Poole 014",E02004237,"3,046.00"
"Bournemouth, Christchurch and Poole","Bournemouth, Christchurch and Poole 015",E02003180,"8,446.40"
"Bournemouth, Christchurch and Poole","Bournemouth, Christchurch and Poole 016",E02003198,"3,935.20"
"Bournemouth, Christchurch and Poole","Bournemouth, Christchurch and Poole 017",E02003181,"4,997.70"
"Bournemouth, Christchurch and Poole","Bournemouth, Christchurch and Poole 018",E02004239,"2,215.40"
"Bournemouth, Christchurch and Poole","Bournemouth, Christchurch and Poole 019",E02004238,"2,067.60"
"Bournemouth, Christchurch and Poole","Bournemouth, Christchurch and Poole 020",E02003182,"2,073.00"
"Bournemouth, Christchurch and Poole","Bournemouth, Christchurch and Poole 021",E02003199,"2,489.90"
"Bournemouth, Christchurch and Poole","Bournemouth, Christchurch and Poole 022",E02003200,"3,907.30"
"Bournemouth, Christchurch and Poole","Bournemouth, Christchurch and Poole 023",E02003201,"4,533.30"
"Bournemouth, Christchurch and Poole","Bournemouth, Christchurch and Poole 024",E02004240,"3,706.20"
"Bournemouth, Christchurch and Poole","Bournemouth, Christchurch and Poole 025",E02003186,"5,767.00"
"Bournemouth, Christchurch and Poole","Bournemouth, Christchurch and Poole 026",E02003185,"5,219.10"
"Bournemouth, Christchurch and Poole","Bournemouth, Christchurch and Poole 027",E02003184,"6,655.20"
"Bournemouth, Christchurch and Poole","Bournemouth, Christchurch and Poole 028",E02003183,"2,533.90"
"Bournemouth, Christchurch and Poole","Bournemouth, Christchurch and Poole 029",E02003202,"2,445.30"
"Bournemouth, Christchurch and Poole","Bournemouth, Christchurch and Poole 030",E02003204,"3,965.40"
"Bournemouth, Christchurch and Poole","Bournemouth, Christchurch and Poole 031",E02004241,"2,638.40"
"Bournemouth, Christchurch and Poole","Bournemouth, Christchurch and Poole 032",E02003203,"5,753.30"
"Bournemouth, Christchurch and Poole","Bournemouth, Christchurch and Poole 033",E02004242,"2,954.00"
"Bournemouth, Christchurch and Poole","Bournemouth, Christchurch and Poole 034",E02003205,"3,966.50"
"Bournemouth, Christchurch and Poole","Bournemouth, Christchurch and Poole 035",E02003187,"5,832.50"
"Bournemouth, Christchurch and Poole","Bournemouth, Christchurch and Poole 036",E02003189,"5,617.20"
"Bournemouth, Christchurch and Poole","Bournemouth, Christchurch and Poole 037",E02003190,"10,337.80"
"Bournemouth, Christchurch and Poole","Bournemouth, Christchurch and Poole 038",E02003188,"7,035.00"
"Bournemouth, Christchurch and Poole","Bournemouth, Christchurch and Poole 039",E02003191,"2,007.90"
"Bournemouth, Christchurch and Poole","Bournemouth, Christchurch and Poole 040",E02006883,"6,472.10"
"Bournemouth, Christchurch and Poole","Bournemouth, Christchurch and Poole 041",E02003192,"6,684.10"
"Bournemouth, Christchurch and Poole","Bournemouth, Christchurch and Poole 042",E02003207,"2,249.70"
"Bournemouth, Christchurch and Poole","Bournemouth, Christchurch and Poole 043",E02003206,"4,033.20"
"Bournemouth, Christchurch and Poole","Bournemouth, Christchurch and Poole 044",E02003208,"3,945.20"
"Bournemouth, Christchurch and Poole","Bournemouth, Christchurch and Poole 045",E02006885,"4,399.20"
"Bournemouth, Christchurch and Poole","Bournemouth, Christchurch and Poole 046",E02003209,"3,252.40"
"Bournemouth, Christchurch and Poole","Bournemouth, Christchurch and Poole 047",E02003210,"3,152.70"
"Bournemouth, Christchurch and Poole","Bournemouth, Christchurch and Poole 048",E02003211,"1,622.70"
Bristol,Bristol 001,E02003012,"3,485.20"
Bristol,Bristol 002,E02003013,"4,573.00"
Bristol,Bristol 003,E02003014,783.9
Bristol,Bristol 004,E02003015,"4,452.30"
Bristol,Bristol 005,E02003016,"7,479.10"
Bristol,Bristol 006,E02003017,"4,565.80"
Bristol,Bristol 007,E02003018,"2,272.50"
Bristol,Bristol 008,E02003019,"1,371.00"
Bristol,Bristol 009,E02003020,"2,560.50"
Bristol,Bristol 010,E02003021,"6,944.30"
Bristol,Bristol 011,E02003022,"4,891.20"
Bristol,Bristol 012,E02003023,"2,615.30"
Bristol,Bristol 013,E02003024,"5,781.60"
Bristol,Bristol 014,E02003025,"2,405.10"
Bristol,Bristol 015,E02003026,"2,264.60"
Bristol,Bristol 016,E02003027,"8,655.80"
Bristol,Bristol 017,E02003028,"6,928.70"
Bristol,Bristol 018,E02003029,"6,587.20"
Bristol,Bristol 019,E02003030,"4,573.80"
Bristol,Bristol 020,E02003031,"8,559.60"
Bristol,Bristol 021,E02003032,"4,974.10"
Bristol,Bristol 022,E02003033,"11,182.50"
Bristol,Bristol 025,E02003036,"10,940.10"
Bristol,Bristol 026,E02003037,"11,042.60"
Bristol,Bristol 027,E02003038,"7,409.80"
Bristol,Bristol 028,E02003039,"7,603.70"
Bristol,Bristol 029,E02003040,"7,423.80"
Bristol,Bristol 030,E02003041,"5,519.00"
Bristol,Bristol 033,E02003044,"4,479.70"
Bristol,Bristol 034,E02003045,"10,938.40"
Bristol,Bristol 035,E02003046,"5,569.20"
Bristol,Bristol 036,E02003047,"5,840.50"
Bristol,Bristol 037,E02003048,"7,677.90"
Bristol,Bristol 038,E02003049,"2,533.70"
Bristol,Bristol 039,E02003050,"6,908.40"
Bristol,Bristol 040,E02003051,"7,877.80"
Bristol,Bristol 041,E02003052,"4,135.90"
Bristol,Bristol 042,E02003053,"5,997.50"
Bristol,Bristol 043,E02003054,"2,817.20"
Bristol,Bristol 044,E02003055,"6,442.70"
Bristol,Bristol 045,E02003056,"4,238.60"
Bristol,Bristol 046,E02003057,"2,606.40"
Bristol,Bristol 047,E02003058,"3,719.40"
Bristol,Bristol 048,E02003059,"4,116.60"
Bristol,Bristol 049,E02003060,"3,636.80"
Bristol,Bristol 050,E02003061,"5,325.50"
Bristol,Bristol 051,E02003062,"4,685.80"
Bristol,Bristol 052,E02003063,"4,270.80"
Bristol,Bristol 053,E02003064,"3,537.40"
Bristol,Bristol 054,E02006887,"5,194.00"
Bristol,Bristol 055,E02006888,"9,871.20"
Bristol,Bristol 056,E02006889,"5,134.80"
Bristol,Bristol 057,E02006890,"9,060.20"
Bristol,Bristol 058,E02006949,"9,049.90"
Bristol,Bristol 059,E02006950,"14,360.70"
Bristol,Bristol 060,E02006951,"8,149.70"
Bristol,Bristol 061,E02006952,"5,616.90"
Gloucestershire,Cheltenham 001,E02004600,"1,055.10"
Gloucestershire,Cheltenham 002,E02004601,"1,501.90"
Gloucestershire,Cheltenham 003,E02004602,"3,403.40"
Gloucestershire,Cheltenham 004,E02004603,"5,530.40"
Gloucestershire,Cheltenham 005,E02004604,"6,809.70"
Gloucestershire,Cheltenham 006,E02004605,"4,245.50"
Gloucestershire,Cheltenham 007,E02004606,"4,724.00"
Gloucestershire,Cheltenham 008,E02004607,"5,876.70"
Gloucestershire,Cheltenham 009,E02004608,"4,576.00"
Gloucestershire,Cheltenham 010,E02004609,"2,266.30"
Gloucestershire,Cheltenham 011,E02004610,"3,627.40"
Gloucestershire,Cheltenham 012,E02004611,"1,029.80"
Gloucestershire,Cheltenham 013,E02004612,"4,726.70"
Gloucestershire,Cheltenham 014,E02004613,"1,600.40"
Gloucestershire,Cheltenham 015,E02004614,"2,589.90"
Cornwall,Cornwall 001,E02003931,609.7
Cornwall,Cornwall 002,E02003932,34.1
Cornwall,Cornwall 003,E02003933,60.9
Cornwall,Cornwall 004,E02003934,39.5
Cornwall,Cornwall 005,E02003935,"1,161.90"
Cornwall,Cornwall 006,E02003936,36.4
Cornwall,Cornwall 007,E02003937,40.9
Cornwall,Cornwall 008,E02003938,87.7
Cornwall,Cornwall 009,E02003939,"1,872.00"
Cornwall,Cornwall 010,E02003892,283.3
Cornwall,Cornwall 011,E02003940,31.9
Cornwall,Cornwall 012,E02003893,43.5
Cornwall,Cornwall 013,E02003894,234.9
Cornwall,Cornwall 014,E02003941,"1,015.40"
Cornwall,Cornwall 015,E02003942,"1,729.30"
Cornwall,Cornwall 016,E02003895,143
Cornwall,Cornwall 017,E02003896,"1,748.40"
Cornwall,Cornwall 018,E02003952,339
Cornwall,Cornwall 019,E02003953,106.5
Cornwall,Cornwall 020,E02003954,"1,048.20"
Cornwall,Cornwall 021,E02003955,"3,487.50"
Cornwall,Cornwall 022,E02003897,134.8
Cornwall,Cornwall 023,E02003898,59.7
Cornwall,Cornwall 024,E02003956,122.4
Cornwall,Cornwall 025,E02003899,"4,633.70"
Cornwall,Cornwall 026,E02003900,"2,291.10"
Cornwall,Cornwall 027,E02003957,146.3
Cornwall,Cornwall 028,E02003901,46
Cornwall,Cornwall 029,E02003902,"3,521.30"
Cornwall,Cornwall 030,E02003958,210.1
Cornwall,Cornwall 031,E02003959,"1,002.60"
Cornwall,Cornwall 032,E02003905,66.2
Cornwall,Cornwall 033,E02003906,146.3
Cornwall,Cornwall 034,E02003903,207.7
Cornwall,Cornwall 035,E02003960,204.3
Cornwall,Cornwall 036,E02003961,"1,326.80"
Cornwall,Cornwall 037,E02003904,413
Cornwall,Cornwall 038,E02003962,"1,126.90"
Cornwall,Cornwall 039,E02003963,"3,604.80"
Cornwall,Cornwall 040,E02003907,236.7
Cornwall,Cornwall 041,E02003964,98.1
Cornwall,Cornwall 042,E02003908,"2,364.80"
Cornwall,Cornwall 043,E02003909,950.2
Cornwall,Cornwall 044,E02003910,"2,108.60"
Cornwall,Cornwall 045,E02003918,343.4
Cornwall,Cornwall 046,E02003919,674.2
Cornwall,Cornwall 047,E02003911,137.6
Cornwall,Cornwall 048,E02003912,58.1
Cornwall,Cornwall 049,E02003920,"1,483.10"
Cornwall,Cornwall 050,E02003921,534
Cornwall,Cornwall 051,E02003922,758.8
Cornwall,Cornwall 052,E02003923,"3,805.60"
Cornwall,Cornwall 053,E02003924,474.1
Cornwall,Cornwall 054,E02003943,684.7
Cornwall,Cornwall 055,E02003925,722.8
Cornwall,Cornwall 056,E02003913,161.3
Cornwall,Cornwall 057,E02003944,779.8
Cornwall,Cornwall 058,E02003945,161.6
Cornwall,Cornwall 059,E02003926,87.6
Cornwall,Cornwall 060,E02003914,"2,502.80"
Cornwall,Cornwall 061,E02003946,150.5
Cornwall,Cornwall 062,E02003915,"5,651.70"
Cornwall,Cornwall 063,E02003916,"3,173.00"
Cornwall,Cornwall 064,E02003917,"2,038.10"
Cornwall,Cornwall 065,E02003947,60.7
Cornwall,Cornwall 066,E02003927,137.8
Cornwall,Cornwall 067,E02003948,"1,632.60"
Cornwall,Cornwall 068,E02003949,"6,454.20"
Cornwall,Cornwall 069,E02003950,89.5
Cornwall,Cornwall 070,E02003951,857.5
Cornwall,Cornwall 071,E02003928,827.6
Cornwall,Cornwall 072,E02003929,152.8
Cornwall,Cornwall 073,E02003930,59
Gloucestershire,Cotswold 001,E02004615,85.9
Gloucestershire,Cotswold 002,E02004616,94.3
Gloucestershire,Cotswold 003,E02004617,62.1
Gloucestershire,Cotswold 004,E02004618,28
Gloucestershire,Cotswold 005,E02004619,31.2
Gloucestershire,Cotswold 006,E02004620,"1,271.50"
Gloucestershire,Cotswold 007,E02004621,484.6
Gloucestershire,Cotswold 008,E02004622,504.4
Gloucestershire,Cotswold 009,E02004623,141.4
Gloucestershire,Cotswold 010,E02004624,92.6
Gloucestershire,Cotswold 011,E02004625,71.6
Dorset,Dorset 001,E02004255,"1,352.00"
Dorset,Dorset 002,E02004256,86.8
Dorset,Dorset 003,E02004257,"2,038.40"
Dorset,Dorset 004,E02004269,"1,550.80"
Dorset,Dorset 005,E02004258,113.2
Dorset,Dorset 006,E02004259,72.1
Dorset,Dorset 007,E02004243,58.2
Dorset,Dorset 008,E02004270,52.2
Dorset,Dorset 009,E02004260,69.9
Dorset,Dorset 010,E02004244,"1,205.80"
Dorset,Dorset 011,E02004261,"2,964.20"
Dorset,Dorset 012,E02004245,671.8
Dorset,Dorset 013,E02004247,42.5
Dorset,Dorset 014,E02004262,46.5
Dorset,Dorset 015,E02004246,318.6
Dorset,Dorset 016,E02004248,867.1
Dorset,Dorset 017,E02004249,859.4
Dorset,Dorset 018,E02004250,"2,036.90"
Dorset,Dorset 019,E02004271,45.6
Dorset,Dorset 020,E02004251,628.1
Dorset,Dorset 021,E02004252,"2,188.90"
Dorset,Dorset 022,E02004272,44.7
Dorset,Dorset 023,E02004273,89.3
Dorset,Dorset 024,E02004253,763.6
Dorset,Dorset 025,E02004254,845.5
Dorset,Dorset 026,E02004274,"1,408.80"
Dorset,Dorset 027,E02004263,80.2
Dorset,Dorset 028,E02004264,597
Dorset,Dorset 029,E02004275,60.9
Dorset,Dorset 030,E02004276,"1,394.70"
Dorset,Dorset 031,E02007006,"2,397.30"
Dorset,Dorset 032,E02007007,"3,332.20"
Dorset,Dorset 033,E02004265,235.4
Dorset,Dorset 034,E02004278,"3,286.00"
Dorset,Dorset 035,E02004266,66.3
Dorset,Dorset 036,E02004279,67.6
Dorset,Dorset 037,E02004280,91.3
Dorset,Dorset 038,E02004281,999.3
Dorset,Dorset 039,E02004267,35.1
Dorset,Dorset 040,E02004282,"1,081.90"
Dorset,Dorset 041,E02004283,"1,283.80"
Dorset,Dorset 042,E02004268,842.1
Dorset,Dorset 043,E02004285,"4,560.80"
Dorset,Dorset 044,E02004284,"4,850.80"
Dorset,Dorset 045,E02004286,"4,099.70"
Dorset,Dorset 046,E02004287,"3,169.70"
Dorset,Dorset 047,E02004288,995.8
Dorset,Dorset 048,E02004289,"1,243.90"
Devon,East Devon 001,E02004129,38.3
Devon,East Devon 002,E02004130,"1,099.90"
Devon,East Devon 003,E02004131,746.7
Devon,East Devon 004,E02004132,80.5
Devon,East Devon 005,E02004133,190
Devon,East Devon 007,E02004135,87
Devon,East Devon 008,E02004136,264.1
Devon,East Devon 009,E02004137,54.3
Devon,East Devon 010,E02004138,"1,615.80"
Devon,East Devon 011,E02004139,"1,078.60"
Devon,East Devon 012,E02004140,892.5
Devon,East Devon 013,E02004141,113
Devon,East Devon 014,E02004142,159.6
Devon,East Devon 015,E02004143,"2,098.40"
Devon,East Devon 016,E02004144,"2,694.00"
Devon,East Devon 017,E02004145,446.7
Devon,East Devon 018,E02004146,"1,862.70"
Devon,East Devon 019,E02004147,"6,570.60"
Devon,East Devon 020,E02004148,968.4
Devon,East Devon 021,E02007027,104.7
Devon,East Devon 022,E02007028,"4,123.60"
Devon,Exeter 001,E02004149,"1,546.60"
Devon,Exeter 002,E02004150,"2,375.80"
Devon,Exeter 003,E02004151,"2,730.70"
Devon,Exeter 004,E02004152,"9,338.00"
Devon,Exeter 005,E02004153,"2,237.20"
Devon,Exeter 006,E02004154,"7,657.20"
Devon,Exeter 007,E02004155,"4,706.60"
Devon,Exeter 008,E02004156,"6,062.70"
Devon,Exeter 009,E02004157,"4,381.00"
Devon,Exeter 010,E02004158,"7,645.80"
Devon,Exeter 011,E02004159,"1,781.20"
Devon,Exeter 012,E02004160,"2,501.00"
Devon,Exeter 013,E02004161,"4,603.10"
Devon,Exeter 014,E02004162,"1,375.30"
Devon,Exeter 015,E02004163,"1,714.80"
Gloucestershire,Forest of Dean 001,E02004626,63.4
Gloucestershire,Forest of Dean 002,E02004627,227.5
Gloucestershire,Forest of Dean 003,E02004628,318.1
Gloucestershire,Forest of Dean 004,E02004629,348.5
Gloucestershire,Forest of Dean 005,E02004630,79.9
Gloucestershire,Forest of Dean 006,E02004631,78.2
Gloucestershire,Forest of Dean 007,E02004632,993.8
Gloucestershire,Forest of Dean 008,E02004633,210.3
Gloucestershire,Forest of Dean 009,E02004634,323.3
Gloucestershire,Forest of Dean 010,E02004635,167.3
Gloucestershire,Gloucester 001,E02004636,"3,938.20"
Gloucestershire,Gloucester 002,E02004637,"3,136.70"
Gloucestershire,Gloucester 003,E02004638,"4,097.60"
Gloucestershire,Gloucester 004,E02004639,"1,485.90"
Gloucestershire,Gloucester 005,E02004640,"8,868.40"
Gloucestershire,Gloucester 006,E02004641,"4,119.00"
Gloucestershire,Gloucester 007,E02004642,"2,935.10"
Gloucestershire,Gloucester 008,E02004643,"7,149.80"
Gloucestershire,Gloucester 009,E02004644,"3,419.20"
Gloucestershire,Gloucester 010,E02004645,"4,588.60"
Gloucestershire,Gloucester 011,E02004646,"2,028.60"
Gloucestershire,Gloucester 012,E02004647,"3,174.80"
Gloucestershire,Gloucester 013,E02004648,"4,034.20"
Gloucestershire,Gloucester 014,E02004649,"3,221.70"
Gloucestershire,Gloucester 015,E02004650,"4,245.60"
Isles of Scilly,Isles of Scilly 001,E02006781,125.9
Somerset,Mendip 001,E02006047,64.5
Somerset,Mendip 002,E02006048,204.5
Somerset,Mendip 003,E02006049,"3,267.40"
Somerset,Mendip 004,E02006050,"4,928.80"
Somerset,Mendip 005,E02006051,76.9
Somerset,Mendip 006,E02006052,83.6
Somerset,Mendip 007,E02006053,"3,035.50"
Somerset,Mendip 008,E02006054,"2,146.20"
Somerset,Mendip 009,E02006055,"1,792.30"
Somerset,Mendip 010,E02006056,59.7
Somerset,Mendip 011,E02006057,436.4
Somerset,Mendip 012,E02006058,143.4
Somerset,Mendip 013,E02006059,51.7
Somerset,Mendip 014,E02006060,"1,409.00"
Devon,Mid Devon 001,E02004164,32.7
Devon,Mid Devon 002,E02004165,159.2
Devon,Mid Devon 003,E02004166,82
Devon,Mid Devon 004,E02004167,"1,979.40"
Devon,Mid Devon 005,E02004168,516
Devon,Mid Devon 006,E02004169,113
Devon,Mid Devon 007,E02004170,"2,306.50"
Devon,Mid Devon 008,E02004171,67.2
Devon,Mid Devon 009,E02004172,39.6
Devon,Mid Devon 010,E02004173,40.6
Devon,Mid Devon 011,E02004174,"1,836.20"
Devon,North Devon 001,E02004175,731.3
Devon,North Devon 002,E02004176,40
Devon,North Devon 003,E02004177,390.9
Devon,North Devon 004,E02004178,79.8
Devon,North Devon 005,E02004179,255
Devon,North Devon 006,E02004180,35.9
Devon,North Devon 007,E02004181,"1,920.90"
Devon,North Devon 008,E02004182,"2,063.10"
Devon,North Devon 009,E02004183,"2,474.20"
Devon,North Devon 010,E02004184,"3,631.50"
Devon,North Devon 011,E02004185,166.2
Devon,North Devon 012,E02004186,165.3
Devon,North Devon 013,E02004187,42.3
Devon,North Devon 014,E02004188,25.6
North Somerset,North Somerset 001,E02003065,"3,785.90"
North Somerset,North Somerset 002,E02003066,"2,368.80"
North Somerset,North Somerset 003,E02003067,"2,366.80"
North Somerset,North Somerset 004,E02003068,353
North Somerset,North Somerset 005,E02003069,839.3
North Somerset,North Somerset 006,E02003070,220.5
North Somerset,North Somerset 007,E02003071,"4,161.40"
North Somerset,North Somerset 008,E02003072,976.9
North Somerset,North Somerset 009,E02003073,"2,536.30"
North Somerset,North Somerset 010,E02003074,"1,900.10"
North Somerset,North Somerset 011,E02003075,222.6
North Somerset,North Somerset 012,E02003076,276.2
North Somerset,North Somerset 013,E02003077,120.3
North Somerset,North Somerset 014,E02003078,191.4
North Somerset,North Somerset 015,E02003079,"4,775.80"
North Somerset,North Somerset 016,E02003080,"4,203.10"
North Somerset,North Somerset 017,E02003081,"3,467.00"
North Somerset,North Somerset 018,E02003082,"2,903.00"
North Somerset,North Somerset 020,E02003084,"5,273.00"
North Somerset,North Somerset 021,E02003085,"4,019.40"
North Somerset,North Somerset 022,E02003086,"3,222.70"
North Somerset,North Somerset 023,E02003087,332.3
North Somerset,North Somerset 024,E02003088,234.3
North Somerset,North Somerset 025,E02003089,"1,822.20"
North Somerset,North Somerset 026,E02006845,735.6
North Somerset,North Somerset 027,E02006846,"2,437.20"
Plymouth,Plymouth 001,E02003122,"2,022.80"
Plymouth,Plymouth 002,E02003123,"3,171.00"
Plymouth,Plymouth 003,E02003124,"3,002.20"
Plymouth,Plymouth 004,E02003125,"1,857.80"
Plymouth,Plymouth 005,E02003126,"1,655.90"
Plymouth,Plymouth 006,E02003127,"3,946.10"
Plymouth,Plymouth 007,E02003128,"4,422.90"
Plymouth,Plymouth 008,E02003129,"2,917.10"
Plymouth,Plymouth 009,E02003130,"5,625.00"
Plymouth,Plymouth 010,E02003131,"2,680.70"
Plymouth,Plymouth 011,E02003132,"4,744.10"
Plymouth,Plymouth 012,E02003133,"4,011.40"
Plymouth,Plymouth 013,E02003134,"3,594.50"
Plymouth,Plymouth 014,E02003135,"2,699.40"
Plymouth,Plymouth 015,E02003136,"1,825.70"
Plymouth,Plymouth 016,E02003137,"4,031.70"
Plymouth,Plymouth 017,E02003138,"5,455.80"
Plymouth,Plymouth 018,E02003139,"5,200.90"
Plymouth,Plymouth 019,E02003140,"2,124.60"
Plymouth,Plymouth 020,E02003141,"9,634.40"
Plymouth,Plymouth 021,E02003142,"3,914.40"
Plymouth,Plymouth 022,E02003143,"3,833.20"
Plymouth,Plymouth 023,E02003144,"9,436.60"
Plymouth,Plymouth 024,E02003145,"5,502.50"
Plymouth,Plymouth 025,E02003146,"10,376.30"
Plymouth,Plymouth 026,E02003147,"4,403.40"
Plymouth,Plymouth 027,E02003148,"7,394.10"
Plymouth,Plymouth 028,E02003149,"4,585.30"
Plymouth,Plymouth 030,E02003151,"1,786.00"
Plymouth,Plymouth 031,E02003152,"1,435.30"
Plymouth,Plymouth 032,E02003153,"3,097.50"
Plymouth,Plymouth 033,E02006989,"6,487.20"
Plymouth,Plymouth 034,E02006990,"4,796.30"
Somerset,Sedgemoor 001,E02006061,200
Somerset,Sedgemoor 002,E02006062,175.4
Somerset,Sedgemoor 003,E02006063,74
Somerset,Sedgemoor 004,E02006064,"3,697.00"
Somerset,Sedgemoor 005,E02006065,"2,218.00"
Somerset,Sedgemoor 006,E02006066,170
Somerset,Sedgemoor 007,E02006067,66.9
Somerset,Sedgemoor 008,E02006068,"3,135.40"
Somerset,Sedgemoor 009,E02006069,"4,657.80"
Somerset,Sedgemoor 010,E02006070,948.7
Somerset,Sedgemoor 011,E02006071,527.8
Somerset,Sedgemoor 012,E02006072,82.7
Somerset,Sedgemoor 013,E02006073,"4,138.90"
Somerset,Sedgemoor 014,E02006074,229.3
Somerset,Somerset West and Taunton 001,E02006113,"2,249.30"
Somerset,Somerset West and Taunton 002,E02006114,63.4
Somerset,Somerset West and Taunton 003,E02006115,189.4
Somerset,Somerset West and Taunton 004,E02006116,33.2
Somerset,Somerset West and Taunton 005,E02006117,16.4
Somerset,Somerset West and Taunton 006,E02006099,116.4
Somerset,Somerset West and Taunton 007,E02006100,377.7
Somerset,Somerset West and Taunton 008,E02006104,852.6
Somerset,Somerset West and Taunton 009,E02006103,122
Somerset,Somerset West and Taunton 010,E02006102,"4,481.20"
Somerset,Somerset West and Taunton 011,E02006105,"4,906.00"
Somerset,Somerset West and Taunton 012,E02006106,788.9
Somerset,Somerset West and Taunton 013,E02006101,66.1
Somerset,Somerset West and Taunton 014,E02006107,"4,390.10"
Somerset,Somerset West and Taunton 015,E02006108,"2,848.90"
Somerset,Somerset West and Taunton 016,E02006109,655.9
Somerset,Somerset West and Taunton 017,E02006111,146.3
Somerset,Somerset West and Taunton 018,E02006110,"2,423.60"
Somerset,Somerset West and Taunton 019,E02006112,80.4
South Gloucestershire,South Gloucestershire 001,E02003090,441.3
South Gloucestershire,South Gloucestershire 002,E02003091,482.4
South Gloucestershire,South Gloucestershire 003,E02003092,154.6
South Gloucestershire,South Gloucestershire 004,E02003093,90.2
South Gloucestershire,South Gloucestershire 005,E02003094,200.2
South Gloucestershire,South Gloucestershire 006,E02003095,"1,674.10"
South Gloucestershire,South Gloucestershire 007,E02003096,"4,960.30"
South Gloucestershire,South Gloucestershire 008,E02003097,"1,284.40"
South Gloucestershire,South Gloucestershire 009,E02003098,"3,612.20"
South Gloucestershire,South Gloucestershire 010,E02003099,"3,876.70"
South Gloucestershire,South Gloucestershire 012,E02003101,"6,103.40"
South Gloucestershire,South Gloucestershire 013,E02003102,847.8
South Gloucestershire,South Gloucestershire 014,E02003103,"5,266.10"
South Gloucestershire,South Gloucestershire 015,E02003104,"4,155.30"
South Gloucestershire,South Gloucestershire 016,E02003105,850.5
South Gloucestershire,South Gloucestershire 018,E02003107,"2,776.80"
South Gloucestershire,South Gloucestershire 019,E02003108,399.9
South Gloucestershire,South Gloucestershire 020,E02003109,"4,177.80"
South Gloucestershire,South Gloucestershire 021,E02003110,"3,632.60"
South Gloucestershire,South Gloucestershire 022,E02003111,"4,445.20"
South Gloucestershire,South Gloucestershire 023,E02003112,"5,553.60"
South Gloucestershire,South Gloucestershire 024,E02003113,61.5
South Gloucestershire,South Gloucestershire 025,E02003114,"5,310.80"
South Gloucestershire,South Gloucestershire 026,E02003115,"6,321.50"
South Gloucestershire,South Gloucestershire 027,E02003116,"5,615.50"
South Gloucestershire,South Gloucestershire 028,E02003117,"5,591.90"
South Gloucestershire,South Gloucestershire 029,E02003118,"2,829.60"
South Gloucestershire,South Gloucestershire 030,E02003119,"2,623.90"
South Gloucestershire,South Gloucestershire 031,E02003120,"2,882.00"
South Gloucestershire,South Gloucestershire 032,E02003121,"2,112.00"
South Gloucestershire,South Gloucestershire 033,E02007064,"2,925.40"
South Gloucestershire,South Gloucestershire 034,E02007065,"4,819.40"
South Gloucestershire,South Gloucestershire 035,E02007066,"2,124.90"
South Gloucestershire,South Gloucestershire 036,E02007067,"1,206.30"
Devon,South Hams 001,E02004189,70.9
Devon,South Hams 002,E02004190,40.5
Devon,South Hams 003,E02004191,"1,506.90"
Devon,South Hams 004,E02004192,68.7
Devon,South Hams 005,E02004193,"3,757.20"
Devon,South Hams 006,E02004194,61
Devon,South Hams 007,E02004195,672
Devon,South Hams 008,E02004196,68.8
Devon,South Hams 009,E02004197,151.6
Devon,South Hams 010,E02004198,430.2
Devon,South Hams 011,E02004199,59
Devon,South Hams 012,E02004200,89.7
Somerset,South Somerset 001,E02006075,55.3
Somerset,South Somerset 002,E02006076,97.2
Somerset,South Somerset 003,E02006077,164.1
Somerset,South Somerset 004,E02006078,95.9
Somerset,South Somerset 005,E02006079,149.4
Somerset,South Somerset 006,E02006080,96.8
Somerset,South Somerset 007,E02006081,81.4
Somerset,South Somerset 008,E02006082,163.6
Somerset,South Somerset 009,E02006083,191.9
Somerset,South Somerset 010,E02006084,131.9
Somerset,South Somerset 011,E02006085,"2,656.90"
Somerset,South Somerset 012,E02006086,737.9
Somerset,South Somerset 013,E02006087,"4,902.10"
Somerset,South Somerset 014,E02006088,"5,246.10"
Somerset,South Somerset 015,E02006089,"3,980.80"
Somerset,South Somerset 016,E02006090,"3,275.60"
Somerset,South Somerset 017,E02006091,130.4
Somerset,South Somerset 018,E02006092,"1,772.90"
Somerset,South Somerset 019,E02006093,209.1
Somerset,South Somerset 020,E02006094,115.9
Somerset,South Somerset 021,E02006095,761.2
Somerset,South Somerset 022,E02006096,"1,639.00"
Somerset,South Somerset 023,E02006097,"3,792.10"
Somerset,South Somerset 024,E02006098,56.7
Gloucestershire,Stroud 001,E02004651,205
Gloucestershire,Stroud 002,E02004652,88.1
Gloucestershire,Stroud 003,E02004653,108.6
Gloucestershire,Stroud 004,E02004654,"1,855.80"
Gloucestershire,Stroud 005,E02004655,"1,633.60"
Gloucestershire,Stroud 006,E02004656,"1,703.30"
Gloucestershire,Stroud 007,E02004657,798.9
Gloucestershire,Stroud 008,E02004658,"1,312.20"
Gloucestershire,Stroud 009,E02004659,165.9
Gloucestershire,Stroud 010,E02004660,276.2
Gloucestershire,Stroud 011,E02004661,721
Gloucestershire,Stroud 012,E02004662,98.2
Gloucestershire,Stroud 013,E02004663,352.6
Gloucestershire,Stroud 014,E02004664,"1,614.70"
Gloucestershire,Stroud 015,E02004665,148
Swindon,Swindon 001,E02003212,268.3
Swindon,Swindon 003,E02003214,"4,769.50"
Swindon,Swindon 004,E02003215,"4,582.50"
Swindon,Swindon 005,E02003216,"3,212.10"
Swindon,Swindon 006,E02003217,"5,819.90"
Swindon,Swindon 007,E02003218,"4,622.90"
Swindon,Swindon 008,E02003219,133.6
Swindon,Swindon 009,E02003220,"1,851.70"
Swindon,Swindon 010,E02003221,"3,631.30"
Swindon,Swindon 011,E02003222,"3,647.30"
Swindon,Swindon 012,E02003223,"2,264.50"
Swindon,Swindon 013,E02003224,"4,468.50"
Swindon,Swindon 014,E02003225,"2,232.20"
Swindon,Swindon 015,E02003226,"11,306.10"
Swindon,Swindon 016,E02003227,"6,055.40"
Swindon,Swindon 017,E02003228,"4,209.10"
Swindon,Swindon 018,E02003229,"3,120.50"
Swindon,Swindon 019,E02003230,"8,789.50"
Swindon,Swindon 020,E02003231,"6,144.50"
Swindon,Swindon 021,E02003232,"3,845.20"
Swindon,Swindon 022,E02003233,"3,234.30"
Swindon,Swindon 023,E02003234,"2,875.30"
Swindon,Swindon 024,E02003235,"1,697.60"
Swindon,Swindon 025,E02003236,280
Swindon,Swindon 026,E02006847,"3,751.50"
Swindon,Swindon 027,E02006848,"7,743.50"
Swindon,Swindon 028,E02006849,"3,677.30"
Devon,Teignbridge 001,E02004201,43.2
Devon,Teignbridge 002,E02004202,118.3
Devon,Teignbridge 003,E02004203,32.5
Devon,Teignbridge 004,E02004204,224.6
Devon,Teignbridge 005,E02004205,756.1
Devon,Teignbridge 006,E02004206,646.1
Devon,Teignbridge 007,E02004207,153.1
Devon,Teignbridge 008,E02004208,"1,776.30"
Devon,Teignbridge 009,E02004209,"2,442.60"
Devon,Teignbridge 010,E02004210,"4,843.40"
Devon,Teignbridge 011,E02004211,186.7
Devon,Teignbridge 012,E02004212,"2,591.50"
Devon,Teignbridge 013,E02004213,258.7
Devon,Teignbridge 014,E02004214,"3,546.70"
Devon,Teignbridge 015,E02004215,"1,476.90"
Devon,Teignbridge 016,E02004216,"2,847.00"
Devon,Teignbridge 017,E02004217,198.5
Devon,Teignbridge 018,E02004218,330.6
Devon,Teignbridge 019,E02004219,143.5
Gloucestershire,Tewkesbury 001,E02004666,593.9
Gloucestershire,Tewkesbury 002,E02004667,456.2
Gloucestershire,Tewkesbury 003,E02004668,65.2
Gloucestershire,Tewkesbury 004,E02004669,74.7
Gloucestershire,Tewkesbury 006,E02004671,127.6
Gloucestershire,Tewkesbury 007,E02004672,"1,065.80"
Gloucestershire,Tewkesbury 008,E02004673,181.7
Gloucestershire,Tewkesbury 009,E02004674,"1,078.20"
Gloucestershire,Tewkesbury 010,E02007034,"2,016.00"
Gloucestershire,Tewkesbury 011,E02007035,"1,545.60"
Torbay,Torbay 001,E02003154,"3,705.80"
Torbay,Torbay 002,E02003155,"1,358.60"
Torbay,Torbay 003,E02003156,"2,558.30"
Torbay,Torbay 004,E02003157,"4,279.30"
Torbay,Torbay 005,E02003158,"4,918.40"
Torbay,Torbay 006,E02003159,"8,152.90"
Torbay,Torbay 008,E02003161,"5,211.60"
Torbay,Torbay 010,E02003163,"2,005.80"
Torbay,Torbay 011,E02003164,"3,301.40"
Torbay,Torbay 012,E02003165,"5,136.40"
Torbay,Torbay 013,E02003166,"1,175.00"
Torbay,Torbay 014,E02003167,"5,642.30"
Torbay,Torbay 015,E02003168,"2,342.00"
Torbay,Torbay 016,E02003169,667.9
Torbay,Torbay 017,E02003170,"2,868.90"
Torbay,Torbay 018,E02003171,"2,533.30"
Torbay,Torbay 019,E02006840,"1,543.00"
Devon,Torridge 001,E02004220,992.1
Devon,Torridge 002,E02004221,"1,220.40"
Devon,Torridge 003,E02004222,"3,576.20"
Devon,Torridge 004,E02004223,356.4
Devon,Torridge 005,E02004224,40.1
Devon,Torridge 006,E02004225,399.1
Devon,Torridge 007,E02004226,31.4
Devon,Torridge 008,E02004227,40.3
Devon,Torridge 009,E02004228,26.5
Devon,West Devon 001,E02004229,38.1
Devon,West Devon 002,E02004230,202.5
Devon,West Devon 003,E02004231,19.5
Devon,West Devon 004,E02004232,25.7
Devon,West Devon 005,E02004233,952.9
Devon,West Devon 006,E02004234,37.8
Devon,West Devon 007,E02004235,128.5
Wiltshire,Wiltshire 001,E02006644,116.2
Wiltshire,Wiltshire 002,E02006645,193.3
Wiltshire,Wiltshire 003,E02006646,221.8
Wiltshire,Wiltshire 004,E02006647,56.7
Wiltshire,Wiltshire 005,E02006648,70.8
Wiltshire,Wiltshire 006,E02006649,"4,107.40"
Wiltshire,Wiltshire 007,E02006650,182.9
Wiltshire,Wiltshire 008,E02006651,63.8
Wiltshire,Wiltshire 009,E02006652,"3,184.30"
Wiltshire,Wiltshire 010,E02006653,"4,001.90"
Wiltshire,Wiltshire 011,E02006654,"2,739.70"
Wiltshire,Wiltshire 012,E02006634,36.5
Wiltshire,Wiltshire 013,E02006655,55.8
Wiltshire,Wiltshire 014,E02006656,"1,506.80"
Wiltshire,Wiltshire 015,E02006657,"3,974.90"
Wiltshire,Wiltshire 016,E02006658,"2,891.70"
Wiltshire,Wiltshire 017,E02006659,228.9
Wiltshire,Wiltshire 018,E02006660,338.4
Wiltshire,Wiltshire 019,E02006635,"1,509.80"
Wiltshire,Wiltshire 020,E02006678,"3,579.50"
Wiltshire,Wiltshire 021,E02006679,262.3
Wiltshire,Wiltshire 022,E02006680,"3,218.60"
Wiltshire,Wiltshire 023,E02006681,149
Wiltshire,Wiltshire 024,E02006636,56
Wiltshire,Wiltshire 025,E02006637,"1,145.40"
Wiltshire,Wiltshire 026,E02006638,"1,530.70"
Wiltshire,Wiltshire 027,E02006682,"1,200.10"
Wiltshire,Wiltshire 028,E02006639,96.4
Wiltshire,Wiltshire 029,E02006640,36.5
Wiltshire,Wiltshire 030,E02006683,589.9
Wiltshire,Wiltshire 031,E02006684,"3,092.50"
Wiltshire,Wiltshire 032,E02006685,"3,986.60"
Wiltshire,Wiltshire 033,E02006686,"2,785.80"
Wiltshire,Wiltshire 034,E02006641,71.9
Wiltshire,Wiltshire 035,E02006687,"5,191.50"
Wiltshire,Wiltshire 036,E02006688,"4,378.80"
Wiltshire,Wiltshire 037,E02006689,128.4
Wiltshire,Wiltshire 038,E02006642,37
Wiltshire,Wiltshire 039,E02006690,86.9
Wiltshire,Wiltshire 042,E02006692,488.6
Wiltshire,Wiltshire 043,E02006693,730.6
Wiltshire,Wiltshire 044,E02006694,"2,348.80"
Wiltshire,Wiltshire 045,E02006661,78.9
Wiltshire,Wiltshire 046,E02006662,"1,255.90"
Wiltshire,Wiltshire 047,E02006695,28
Wiltshire,Wiltshire 048,E02006663,541
Wiltshire,Wiltshire 049,E02006664,56.1
Wiltshire,Wiltshire 050,E02006665,49
Wiltshire,Wiltshire 051,E02006666,"2,832.00"
Wiltshire,Wiltshire 052,E02006667,"2,236.00"
Wiltshire,Wiltshire 053,E02006668,"1,140.60"
Wiltshire,Wiltshire 054,E02006669,45.9
Wiltshire,Wiltshire 055,E02006670,"3,213.00"
Wiltshire,Wiltshire 056,E02006671,"3,216.30"
Wiltshire,Wiltshire 057,E02006672,139.4
Wiltshire,Wiltshire 058,E02006673,"2,464.80"
Wiltshire,Wiltshire 059,E02006674,"2,843.00"
Wiltshire,Wiltshire 060,E02006675,87.7
Wiltshire,Wiltshire 061,E02006676,49.5
Wiltshire,Wiltshire 062,E02006677,120
Wiltshire,Wiltshire 063,E02007023,"2,109.90"
Wiltshire,Wiltshire 064,E02007024,"3,425.90"
Wiltshire,Wiltshire 065,E02007025,623.5
Wiltshire,Wiltshire 066,E02007026,559.2
